Customer_ID,Gender,Age,City,Plan,Monthly_Charges,Tenure_Months,Support_Calls,Churn
C001,Female,24,Hyderabad,Basic,499,3,4,Yes
C002,Male,29,Chennai,Premium,999,18,1,No
C003,Female,35,Bangalore,Standard,699,12,2,No
C004,Male,22,Delhi,Basic,499,2,5,Yes
C005,Female,41,Mumbai,Premium,999,24,1,No
C006,Male,27,Hyderabad,Standard,699,8,3,No
C007,Female,31,Chennai,Basic,499,4,6,Yes
C008,Male,38,Bangalore,Premium,999,30,0,No
C009,Female,26,Delhi,Standard,699,6,4,Yes
C010,Male,45,Mumbai,Premium,999,36,1,No
C011,Female,23,Hyderabad,Basic,499,1,7,Yes
C012,Male,33,Chennai,Standard,699,15,2,No
C013,Female,28,Bangalore,Basic,499,5,5,Yes
C014,Male,40,Delhi,Premium,999,28,1,No
C015,Female,36,Mumbai,Standard,699,20,2,No
C016,Male,25,Hyderabad,Basic,499,3,6,Yes
C017,Female,30,Chennai,Premium,999,22,1,No
C018,Male,43,Bangalore,Standard,699,16,3,No
C019,Female,21,Delhi,Basic,499,2,5,Yes
C020,Male,37,Mumbai,Premium,999,32,0,No
C021,Female,27,Hyderabad,Standard,699,7,4,Yes
C022,Male,34,Chennai,Basic,499,4,5,Yes
C023,Female,39,Bangalore,Premium,999,26,1,No
C024,Male,24,Delhi,Standard,699,5,6,Yes
C025,Female,42,Mumbai,Premium,999,34,0,No
C026,Male,28,Hyderabad,Basic,499,2,7,Yes
C027,Female,32,Chennai,Standard,699,14,2,No
C028,Male,36,Bangalore,Premium,999,25,1,No
C029,Female,23,Delhi,Basic,499,3,6,Yes
C030,Male,44,Mumbai,Standard,699,19,2,No